studynum,study_id,bm_GN_RS,Author_Year,PointQual_Represent012,PointQual_Selection012,PointQual_Exposure012,PointQual_OutcDef012,PointQual_FUPduration012,PointQual_FUPlost012,PointQual_TOTALcov012,PointQual_TOTALtrad012,PointQual_TotalScore012,total_cov,total_trad,BiasRiskTotal,PointQual_Represent,PointQual_Selection,PointQual_Exposure,PointQual_OutcDef,PointQual_FUPduration,PointQual_FUPlost,PointQual_TOTALcov,PointQual_TOTALtrad,PointQual_TotalScore
11247,#11247,BM,Otto 2012,med,med,hig,hig,hig,hig,low,low,Low,5,3,High,2,2,2,3,1,3,1,0,14
14996,#14996,BM,Aboyans 2011,hig,med,hig,low,hig,low,med,med,Low,8,5,High,3,2,2,1,1,0,2,2,13
14992,#14992,BM,Abu-Lebdeh 2001,hig,med,hig,hig,hig,hig,low,low,Low,4,2,High,3,2,2,3,1,3,1,0,15
14312,#14312,BM,Afarideh 2016,hig,med,hig,hig,hig,hig,hig,med,High,11,7,Low,3,2,2,3,1,3,3,4,21
14309,#14309,BM,Afsharian 2016,hig,med,hig,hig,hig,med,med,med,Low,6,4,High,3,2,2,3,1,1,2,2,16
14240,#14240,BM,Alele 2013,low,med,hig,hig,hig,low,low,low,Low,4,3,High,1,2,2,3,1,0,1,0,10
14225,#14225,GN,Alkhalaf 2015,low,med,hig,hig,hig,med,,,Low,11,11,High,1,2,2,3,1,2,,,11
14181,#14181,BM,Anand 2006,hig,med,hig,hig,hig,hig,med,med,High,7,6,Low,3,2,2,3,3,3,2,2,20
14183,#14183,BM,Anand 2006a,hig,med,hig,hig,hig,hig,med,med,High,6,6,Low,3,2,2,3,3,3,2,2,20
14163,#14163,BM,Angiolillo 2007,med,med,hig,hig,hig,hig,low,low,Low,1,1,High,2,2,2,3,3,3,1,0,16
14145,#14145,BM,Araki 2013,hig,med,hig,hig,hig,low,hig,hig,High,14,13,Low,3,2,2,3,1,0,4,6,21
14764,#14764,BM,Azab 2013,hig,med,hig,hig,hig,hig,med,hig,High,9,9,Low,3,2,2,3,1,3,3,4,21
14757,#14757,BM,Azevedo 2006,hig,med,hig,hig,hig,med,med,med,Med,6,5,Med.,3,2,2,3,1,2,2,2,17
14742,#14742,GN,Bacci 2011,low,med,hig,med,hig,med,,,Low,1,0,High,0,2,2,2,1,2,,,9
14739,#14739,BM,Backhaus 2020,hig,med,hig,hig,hig,med,low,low,Low,4,2,High,3,2,2,3,1,2,1,0,14
15036,#15036,GN,Baeney 2016,hig,med,hig,hig,hig,med,,,Med,1,1,Med.,3,2,2,3,1,2,,,13
14673,#14673,RS,Basu 2017,med,med,low,hig,hig,hig,,,Low,3,1,High,2,2,0,3,1,3,,,11
14674,#14674,RS,Basu 2018,hig,med,hig,med,hig,low,,,Low,7,7,High,3,2,2,2,1,0,,,10
14669,#14669,BM,Bates 2016,hig,med,hig,hig,hig,hig,low,med,Med,4,4,Med.,3,2,2,3,1,3,1,2,17
14634,#14634,BM,Bell 2018,hig,med,hig,hig,hig,low,med,med,Med,9,8,Med.,3,2,2,3,1,0,3,4,18
15047,#15047,GN,Bernard 2004,low,med,hig,hig,hig,hig,,,Med,6,5,Med.,1,2,2,3,1,3,,,12
14603,#14603,BM,Bernard 2005,hig,med,hig,hig,hig,hig,low,low,Low,4,3,High,3,2,2,3,1,3,1,0,15
14576,#14576,BM,Bianco 2014,med,med,hig,hig,hig,med,low,low,Low,2,2,High,2,2,2,3,1,1,1,0,12
14566,#14566,BM,Biscetti 2020,hig,med,hig,low,hig,hig,hig,hig,High,12,10,Low,3,2,2,0,1,3,3,6,20
14400,#14400,GN,Boger 2005,low,med,hig,low,hig,med,,,Low,2,2,High,1,2,2,0,1,2,,,8
14514,#14514,BM,Bonito 2019,low,med,hig,hig,hig,hig,hig,med,Med,11,6,Med.,1,2,2,3,1,3,3,2,17
3524,#3524,BM,Bouchi 2012,med,med,hig,hig,hig,med,hig,hig,High,21,18,Low,2,2,2,3,1,2,4,6,22
14440,#14440,BM,Bruce 2005,hig,med,hig,hig,hig,med,hig,hig,Med,12,9,Med.,3,2,2,3,1,1,3,4,19
14437,#14437,BM,Bruno 2005,hig,med,hig,hig,hig,hig,med,med,High,8,7,Low,3,2,2,3,1,3,2,4,20
14438,#14438,BM,Bruno 2013,hig,med,hig,hig,hig,hig,hig,hig,High,12,10,Low,3,2,2,3,1,3,3,6,23
14439,#14439,BM,Bruno 2014,hig,med,hig,hig,hig,med,hig,med,High,11,8,Low,3,2,2,3,1,2,3,4,20
14417,#14417,BM,Burgess 2010,hig,med,hig,hig,hig,med,hig,hig,High,10,10,Low,3,2,2,3,1,2,3,6,22
14407,#14407,BM,Busch 2006,med,med,hig,low,hig,hig,low,low,Low,3,3,High,2,2,2,0,3,3,1,0,13
14105,#14105,BM,Cardona 2019,med,med,hig,low,hig,med,hig,hig,Med,10,10,Med.,2,2,2,0,1,2,3,6,18
13906,#13906,BM,Cardoso 2003,low,med,hig,hig,hig,hig,med,med,Med,9,6,Med.,1,2,2,3,1,3,3,2,17
14104,#14104,BM,Cardoso 2013,low,med,hig,hig,hig,hig,hig,hig,High,14,13,Low,1,2,2,3,1,3,4,6,22
13908,#13908,BM,Cardoso 2016,low,med,hig,hig,hig,hig,hig,hig,High,16,15,Low,1,2,2,3,1,3,4,6,22
13905,#13905,BM,Cardoso 2018,low,med,hig,hig,hig,hig,hig,hig,High,17,15,Low,1,2,2,3,1,3,4,6,22
13903,#13903,BM,Cardoso 2019,low,med,hig,hig,hig,hig,hig,hig,High,17,16,Low,1,2,2,3,1,3,4,6,22
13904,#13904,BM,Cardoso 2020,low,med,hig,hig,hig,med,hig,hig,High,17,16,Low,1,2,2,3,1,2,4,6,21
13899,#13899,BM,Carlsson 2016,hig,med,hig,hig,hig,med,med,med,Med,7,6,Med.,3,2,2,3,1,2,2,2,17
13900,#13900,BM,Carlsson 2020,hig,med,hig,hig,hig,med,med,med,High,9,8,Low,3,2,2,3,1,2,3,4,20
13861,#13861,BM,Cavalot 2006,hig,med,hig,hig,hig,hig,hig,hig,High,14,9,Low,3,2,2,3,1,3,4,4,22
13862,#13862,BM,Cavalot 2011,hig,med,hig,hig,hig,med,hig,hig,High,13,12,Low,3,2,2,3,1,2,4,6,23
13854,#13854,RS,Cederholm 2008,hig,med,hig,hig,hig,hig,,,High,9,9,Low,3,2,2,3,1,3,,,14
13850,#13850,BM,Celis-Morales 2017,hig,med,hig,med,hig,hig,hig,med,High,12,8,Low,3,2,2,2,1,3,3,4,20
13846,#13846,BM,Ceriello 2020,low,med,hig,hig,hig,low,med,med,Low,9,8,High,0,2,2,3,1,0,3,4,15
13839,#13839,BM,Cha 2016,med,med,hig,hig,hig,med,med,med,Med,7,7,Med.,2,2,2,3,1,2,2,4,18
13840,#13840,BM,Cha 2018,med,med,hig,hig,hig,med,low,med,Low,5,5,High,2,2,2,3,1,1,1,2,14
13838,#13838,BM,Chacko 2008,med,med,hig,hig,hig,low,hig,med,Med,10,8,Med.,2,2,2,3,1,0,3,4,17
13827,#13827,BM,Chan 2014,low,med,hig,hig,hig,hig,hig,hig,High,14,12,Low,1,2,2,3,1,3,4,6,22
13816,#13816,BM,Chang 2016,hig,med,hig,hig,hig,hig,med,med,High,8,7,Low,3,2,2,3,1,3,2,4,20
3430,#3430,BM,Chang 2018,low,med,med,hig,hig,hig,med,med,Med,7,7,Med.,1,2,1,3,3,3,2,4,19
13815,#13815,BM,Chang 2019,med,med,hig,med,hig,hig,med,med,Low,6,6,High,2,2,2,2,1,3,2,2,16
13806,#13806,BM,Charlton-Menys 2009,hig,med,hig,hig,hig,hig,low,low,Low,2,1,High,3,2,2,3,1,3,1,0,15
13784,#13784,BM,Chen 2007,low,med,hig,hig,hig,med,med,med,Low,6,5,High,1,2,2,3,1,2,2,2,15
13771,#13771,BM,Chen 2020,med,med,hig,hig,hig,med,med,med,Low,6,5,High,2,2,2,3,1,2,2,2,16
3395,#3395,BM,Cheng 2020,hig,med,hig,hig,hig,hig,hig,hig,High,11,10,Low,3,2,2,3,1,3,3,6,23
14959,#14959,BM,Christensen 2000,med,low,hig,hig,hig,med,med,med,Low,8,7,High,2,0,2,3,1,2,2,4,16
14958,#14958,BM,Christiansen 2002,low,med,hig,hig,hig,med,low,low,Low,4,3,High,1,2,2,3,1,2,1,0,12
14957,#14957,BM,Christiansen 2005,low,med,hig,hig,hig,med,low,low,Low,4,3,High,1,2,2,3,1,2,1,0,12
3361,#3361,BM,Chyun 2015,hig,med,hig,hig,hig,hig,med,med,Med,6,4,Med.,3,2,2,3,1,3,2,2,18
14935,#14935,BM,Cioffi 2014,hig,med,hig,hig,hig,hig,med,med,Med,6,4,Med.,3,2,2,3,1,3,2,2,18
15023,#15023 ,RS,Clarke 2004,hig,med,hig,hig,hig,hig,,,High,0,0,Low,3,2,2,3,1,3,,,14
14930,#14930,BM,Clarke 2009,med,med,hig,hig,hig,hig,hig,hig,High,11,9,Low,2,2,2,3,3,3,3,4,22
14915,#14915,BM,Cockcroft 2005,hig,med,hig,med,hig,low,low,med,Low,4,4,High,3,2,2,2,1,0,1,2,13
14895,#14895,BM,Colombo 2018,med,med,hig,hig,hig,hig,hig,hig,High,10,9,Low,2,2,2,3,1,3,3,4,20
14869,#14869,BM,Cortigiani 2014,hig,med,hig,hig,hig,low,low,low,Low,1,1,High,3,2,2,3,3,0,1,0,14
14865,#14865,BM,Cosson 2011,med,med,hig,med,hig,med,low,low,Low,4,3,High,2,2,2,2,1,2,1,0,12
14857,#14857,BM,Cournot 2018,hig,med,hig,hig,hig,hig,hig,hig,High,13,11,Low,3,2,2,3,1,3,4,6,24
14852,#14852,BM,Cox 2013,low,med,hig,hig,hig,low,med,med,Low,9,7,High,1,2,2,3,1,0,3,4,16
14853,#14853,GN,Cox 2014,low,med,hig,hig,hig,hig,,,Med,7,6,Med.,1,2,2,3,1,3,,,12
14855,#14855,RS,Cox 2014,hig,med,hig,hig,hig,low,,,Low,7,7,High,3,2,2,3,1,0,,,11
9867,#9867,RS,Cox 2014a,hig,med,hig,hig,hig,med,,,Med,7,7,Med.,3,2,2,3,1,2,,,13
15068,#15068,BM,Cui 2020,low,med,hig,hig,hig,hig,hig,hig,High,15,10,Low,1,2,2,3,1,3,4,6,22
14386,#14386,BM,Daka 2015,hig,med,hig,med,hig,hig,med,med,Med,6,4,Med.,3,2,2,2,1,3,2,2,17
14351,#14351,RS,Davis 2009,med,med,hig,hig,hig,hig,,,Med,0,0,Med.,2,2,2,3,1,3,,,13
14350,#14350,RS,Davis 2010,hig,med,hig,hig,hig,low,,,Low,8,8,High,3,2,2,3,1,0,,,11
2655,#2655,RS,Davis 2020,hig,med,hig,hig,hig,low,,,Low,0,0,High,3,2,2,3,1,0,,,11
14343,#14343,BM,Dayan 2012,med,med,hig,hig,hig,med,med,low,Low,7,3,High,2,2,2,3,1,2,2,0,14
14331,#14331,BM,deGalan 2009,low,med,hig,hig,hig,med,hig,hig,High,15,13,Low,1,2,2,3,1,2,4,6,21
13720,#13720,BM,DeLorenzo 2002,med,med,hig,hig,hig,med,low,low,Low,5,3,High,2,2,2,3,1,2,1,0,13
13713,#13713,BM,deSantiago 2007,hig,med,hig,hig,hig,hig,low,med,Med,4,4,Med.,3,2,2,3,1,3,1,2,17
13709,#13709,BM,deVries 2019,med,med,hig,hig,hig,med,med,med,Med,8,8,Med.,2,2,2,3,1,2,2,4,18
13357,#13357,BM,Djaileb 2021,hig,med,hig,hig,hig,hig,low,low,Low,5,3,High,3,2,2,3,1,3,1,0,15
2369,#2369,GN,Doney 2005,hig,med,hig,med,hig,hig,,,Med,7,6,Med.,3,2,2,2,1,3,,,13
13343,#13343,GN,Doney 2005a,hig,med,hig,med,hig,hig,,,Med,1,1,Med.,3,2,2,2,1,3,,,13
13344,#13344,GN,Doney 2009,hig,med,hig,low,hig,med,,,Low,10,9,High,3,2,2,0,1,2,,,10
13335,#13335,RS,Donnan 2006,hig,med,hig,hig,hig,low,,,Low,10,8,High,3,2,2,3,1,0,,,11
13311,#13311,BM,Duan 2014,hig,med,hig,hig,hig,hig,hig,hig,High,13,13,Low,3,2,2,3,1,3,4,6,24
13263,#13263,BM,Eguchi 2007,med,med,low,med,hig,med,med,med,Low,6,5,High,2,2,0,2,1,2,2,2,13
13262,#13262,BM,Eguchi 2009,hig,med,hig,hig,hig,hig,low,low,Low,3,3,High,3,2,2,3,1,3,1,0,15
13260,#13260,BM,Eguchi 2010,hig,med,hig,med,hig,hig,low,med,Low,5,5,High,3,2,2,2,1,3,1,2,16
14097,#14097,BM,Eliasson 2011,hig,med,hig,hig,hig,hig,hig,hig,High,10,10,Low,3,2,2,3,1,3,3,6,23
14093,#14093,BM,Elkeles 2008a,hig,med,hig,hig,hig,hig,hig,hig,High,34,17,Low,3,2,2,3,1,3,4,6,24
14090,#14090,RS,Elley 2010,hig,med,hig,hig,hig,med,,,Med,11,11,Med.,3,2,2,3,1,1,,,12
14046,#14046,BM,Everett 2015,med,med,hig,hig,hig,med,low,low,Low,4,1,High,2,2,2,3,1,2,1,0,13
14035,#14035,BM,Fadini 2017,med,med,hig,hig,hig,hig,hig,hig,High,18,15,Low,2,2,2,3,1,3,4,6,23
14029,#14029,BM,Faghihi-Kashani 2016,med,med,hig,hig,hig,med,med,med,Med,9,8,Med.,2,2,2,3,1,2,3,4,19
14027,#14027,BM,Faglia 2002,hig,med,hig,hig,hig,hig,low,med,Med,4,4,Med.,3,2,2,3,1,3,1,2,17
15062,#15062,GN,Ferrarezi 2013,hig,med,hig,hig,hig,hig,,,High,4,4,Low,3,2,2,3,1,3,,,14
13167,#13167,BM,Filippella 2007,low,med,hig,hig,hig,low,med,med,Low,7,6,High,1,2,2,3,3,0,2,2,15
15029,#15029 ,RS,Folsom 2003,hig,med,hig,med,hig,hig,,,Med,0,0,Med.,3,2,2,2,1,3,,,13
13121,#13121,BM,Fragoso 2015,med,med,hig,hig,hig,low,med,med,Low,9,5,High,2,2,2,3,1,0,3,2,15
13097,#13097,BM,Friedman 2005,low,med,hig,hig,hig,med,hig,hig,High,10,10,Low,1,2,2,3,1,2,3,6,20
13074,#13074,BM,Fukushima 2004,hig,med,hig,hig,hig,hig,low,low,Med,3,2,Med.,3,2,2,3,3,3,1,0,17
13072,#13072,BM,Fuller 2001,hig,med,hig,hig,hig,med,med,med,Med,8,7,Med.,3,2,2,3,1,2,2,4,19
13012,#13012,BM,Gasior 2008,med,med,hig,hig,hig,hig,hig,hig,High,13,9,Low,2,2,2,3,3,3,4,4,23
13000,#13000,BM,Gazzaruso 2003,low,med,hig,hig,hig,med,hig,hig,High,15,12,Low,1,2,2,3,3,2,4,6,23
12997,#12997,BM,Gazzaruso 2008,low,med,hig,hig,hig,med,hig,hig,High,14,12,Low,1,2,2,3,3,2,4,6,23
13003,#13003,BM,Gazzaruso 2013,med,med,hig,hig,hig,med,hig,hig,High,16,14,Low,2,2,2,3,1,2,4,6,22
13680,#13680,BM,Georgoulias 2009,low,med,hig,hig,hig,med,low,low,Low,4,1,High,1,2,2,3,1,2,1,0,12
13647,#13647,BM,Giorda 2008,hig,med,hig,hig,hig,low,med,hig,Med,9,9,Med.,3,2,2,3,1,0,3,4,18
13509,#13509,RS,Guzder 2005,hig,med,low,hig,hig,low,,,Low,0,0,High,3,2,0,3,1,0,,,9
14001,#14001,BM,Hadaegh 2012,hig,med,hig,hig,hig,med,hig,hig,High,11,9,Low,3,2,2,3,1,2,3,4,20
15057,#15057,GN,Hadjadj 2008,low,med,hig,hig,hig,hig,,,Med,7,6,Med.,1,2,2,3,1,3,,,12
13980,#13980,BM,Hage 2013,hig,med,hig,hig,hig,hig,low,low,Low,4,3,High,3,2,2,3,1,3,1,0,15
13969,#13969,BM,Halon 2016,low,med,hig,med,hig,hig,low,low,Low,5,3,High,1,2,2,2,1,3,1,0,12
13967,#13967,BM,Halon 2019,hig,med,hig,low,hig,hig,hig,hig,High,13,10,Low,3,2,2,0,1,3,4,6,21
13964,#13964,RS,Hamada 2018,hig,med,hig,hig,hig,hig,,,High,11,10,Low,3,2,2,3,1,3,,,14
13496,#13496,BM,Hata 2013,med,med,hig,hig,hig,hig,hig,hig,High,15,11,Low,2,2,2,3,1,3,4,6,23
13486,#13486,BM,Hayashi 2013,hig,med,hig,hig,hig,med,hig,med,High,10,8,Low,3,2,2,3,1,2,3,4,20
15024,#15024 ,RS,Hayes 2013,hig,med,hig,hig,hig,hig,,,High,0,0,Low,3,2,2,3,1,3,,,14
15051,#15051,GN,He 2021,hig,med,hig,hig,hig,med,,,High,2,2,Low,3,2,2,3,3,1,,,14
13467,#13467,BM,Heidari 2015,hig,med,hig,hig,hig,hig,hig,hig,High,12,11,Low,3,2,2,3,1,3,3,6,23
15054,#15054,GN,Heijmans 2000,low,med,hig,hig,hig,med,,,Low,2,2,High,1,2,2,3,1,2,,,11
15040,#15040,GN,Ho 2012,low,med,hig,hig,hig,hig,,,Med,18,15,Med.,1,2,2,3,1,3,,,12
12952,#12952,GN,Hoffman 2011,med,med,hig,hig,hig,hig,,,Med,15,12,Med.,2,2,2,3,1,3,,,13
12940,#12940,BM,Hong 2017,med,med,hig,hig,hig,hig,low,low,Low,2,1,High,2,2,2,3,3,3,1,0,16
15053,#15053,GN,Hong Huang 1998,hig,med,hig,hig,hig,hig,,,High,7,5,Low,3,2,2,3,1,3,,,14
12911,#12911,BM,Hu 2018,low,med,hig,hig,hig,med,low,low,Low,4,1,High,0,2,2,3,1,1,1,0,10
15035,#15035,GN,Huggins 2016,med,med,hig,hig,hig,hig,,,Med,5,2,Med.,2,2,2,3,1,3,,,13
12873,#12873,BM,Hunt 2018,med,med,hig,hig,hig,hig,hig,hig,High,11,9,Low,2,2,2,3,1,3,3,4,20
12856,#12856,BM,Iijima 2012,med,med,hig,hig,hig,low,med,med,Low,7,6,High,2,2,2,3,1,0,2,2,14
12854,#12854,BM,Ikeda 2009,hig,med,hig,hig,hig,hig,low,low,Low,3,3,High,3,2,2,3,1,3,1,0,15
12834,#12834,BM,Irie 2013,med,med,hig,hig,hig,med,hig,hig,Med,11,9,Med.,2,2,2,3,1,2,3,4,19
13209,#13209,BM,Jeevarethinam 2018,hig,med,hig,hig,hig,med,low,low,Low,5,3,High,3,2,2,3,3,2,1,0,16
13186,#13186,BM,Jha 2018,med,med,hig,hig,hig,med,med,med,Med,7,4,Med.,2,2,2,3,3,2,2,2,18
12771,#12771,BM,Jiang 2004,med,med,hig,hig,hig,hig,hig,med,High,10,7,Low,2,2,2,3,1,3,3,4,20
12765,#12765,BM,Jimenez-Corona 2006,med,med,hig,hig,hig,med,hig,med,Med,10,7,Med.,2,2,2,3,1,2,3,4,19
12762,#12762,BM,Jin 2018,low,med,hig,hig,hig,hig,low,low,Low,5,1,High,1,2,2,3,3,3,1,0,15
12747,#12747,BM,Johnston 2011,hig,med,hig,hig,hig,low,med,med,Low,8,6,High,3,2,2,3,1,0,2,2,15
12654,#12654,BM,Juutilainen 2010,hig,med,hig,hig,hig,hig,hig,hig,High,13,11,Low,3,2,2,3,1,3,4,6,24
12584,#12584,BM,Katakami 2012,low,med,hig,hig,hig,hig,med,med,Med,7,7,Med.,1,2,2,3,1,3,2,4,18
12586,#12586,BM,Katakami 2014,hig,med,hig,hig,hig,hig,hig,hig,High,14,13,Low,3,2,2,3,1,3,4,6,24
15045,#15045,GN,Katakami 2014,hig,med,hig,hig,hig,hig,,,High,2,2,Low,3,2,2,3,1,3,,,14
15072,#15072,GN,Keavney 1995,hig,med,hig,hig,hig,med,,,Med,7,6,Med.,3,2,2,3,1,2,,,13
12542,#12542,BM,Keller 2018,low,med,hig,hig,hig,low,hig,hig,Med,18,15,Med.,1,2,2,3,1,0,4,6,19
15033,#15033 ,RS,Kengne 2010,hig,med,hig,hig,hig,hig,,,High,0,0,Low,3,2,2,3,1,3,,,14
12531,#12531,RS,Kengne 2011,hig,med,hig,hig,hig,low,,,Low,0,0,High,3,2,2,3,1,0,,,11
12519,#12519,BM,Khalili 2012,hig,med,hig,hig,hig,med,low,med,Low,4,4,High,3,2,2,3,1,2,1,2,16
12484,#12484,BM,Kim 2018,hig,med,hig,hig,hig,low,hig,hig,High,11,10,Low,3,2,2,3,1,0,3,6,20
12346,#12346,BM,Koch 1997,low,med,hig,hig,hig,low,med,med,Low,7,4,High,1,2,2,3,1,0,2,2,13
12324,#12324,BM,Koo 2020,hig,med,hig,hig,hig,low,hig,hig,High,13,12,Low,3,2,2,3,1,0,4,6,21
12243,#12243,GN,Kuricová 2013,hig,med,hig,low,hig,hig,,,Low,3,3,High,3,2,2,0,1,3,,,11
12221,#12221,RS,Lagani 2015,med,med,hig,low,hig,low,,,Low,0,0,High,2,2,2,0,1,0,,,7
12706,#12706,BM,Lau 2012,low,med,hig,med,hig,hig,low,med,Low,5,4,High,1,2,2,2,1,3,1,2,14
12160,#12160,BM,Lee 2017,hig,med,hig,hig,hig,med,med,med,Med,7,7,Med.,3,2,2,3,1,2,2,4,19
12204,#12204,BM,LeFeuvre 2005,hig,med,hig,hig,hig,med,low,low,Low,3,3,High,3,2,2,3,3,2,1,0,16
12150,#12150,BM,Lehto 1996,hig,med,hig,hig,hig,low,low,low,Low,2,2,High,3,2,2,3,1,0,1,0,12
12124,#12124,BM,Lepojärvi 2016,med,med,hig,hig,hig,hig,hig,med,High,10,8,Low,2,2,2,3,1,3,3,4,20
12115,#12115,GN,Levy 2002,hig,med,hig,hig,hig,hig,,,High,11,8,Low,3,2,2,3,1,3,,,14
12086,#12086,BM,Li 2017,low,med,hig,hig,hig,low,med,low,Low,6,3,High,1,2,2,3,3,0,2,0,13
12092,#12092,RS,Li 2018,med,med,hig,hig,hig,low,,,Low,6,4,High,2,2,2,3,1,0,,,10
12069,#12069,BM,Liao 2019,hig,med,hig,hig,hig,low,med,hig,High,9,9,Low,3,2,2,3,3,0,3,4,20
12063,#12063,BM,Lievre 2011,hig,med,hig,hig,hig,med,low,low,Low,3,3,High,3,2,2,3,1,2,1,0,14
12057,#12057,BM,Lim 2008,low,med,hig,med,hig,low,low,med,Low,5,5,High,1,2,2,2,1,0,1,2,11
12060,#12060,BM,Lim 2019,hig,med,hig,hig,hig,low,hig,hig,High,13,9,Low,3,2,2,3,3,0,4,4,21
12046,#12046,BM,Lin 2010,hig,med,hig,hig,hig,med,med,med,Med,9,6,Med.,3,2,2,3,1,2,3,2,18
12047,#12047,BM,Lin 2013,low,med,hig,hig,hig,hig,hig,hig,High,10,10,Low,1,2,2,3,1,3,3,6,21
12044,#12044,BM,Lin 2019,hig,med,hig,hig,hig,hig,med,med,Med,6,5,Med.,3,2,2,3,1,3,2,2,18
12029,#12029,BM,Linnemann 2003,hig,med,hig,hig,hig,med,med,med,Med,8,4,Med.,3,2,2,3,1,2,2,2,17
12028,#12028,BM,Linnemann 2006,med,med,hig,hig,hig,hig,med,med,Med,8,6,Med.,2,2,2,3,1,3,2,2,17
12475,#12475,BM,Lopes-Virella 2012,med,med,hig,hig,hig,med,low,low,Low,4,3,High,2,2,2,3,1,2,1,0,13
2120,#2120,BM,Lorenzo-Almorós 2020,low,med,hig,hig,hig,hig,hig,hig,High,29,20,Low,1,2,2,3,1,3,4,6,22
12453,#12453,BM,Lowe 2014,hig,med,hig,hig,hig,hig,hig,hig,High,14,10,Low,3,2,2,3,1,3,4,6,24
12447,#12447,GN,Lu 2011,low,med,hig,hig,hig,hig,,,High,1,0,Low,1,2,2,3,3,3,,,14
15056,#15056,GN,Lu Qi 2005,low,med,hig,hig,hig,hig,,,Med,9,7,Med.,1,2,2,3,1,3,,,12
12421,#12421,BM,Lutgers 2009,hig,med,hig,hig,hig,med,med,med,Med,6,6,Med.,3,2,2,3,1,2,2,2,17
11894,#11894,BM,Masi 2016,med,med,hig,med,hig,hig,low,low,Low,5,3,High,2,2,2,2,1,3,1,0,13
1502,#1502,BM,Massardo 2020,low,med,hig,med,hig,hig,med,med,Low,8,4,High,1,2,2,2,1,3,2,2,15
15037,#15037,GN,Mccaffery 2015,low,med,hig,hig,hig,med,,,Low,7,6,High,1,2,2,3,1,2,,,11
11852,#11852,RS,McEwan 2015,hig,med,hig,hig,hig,low,,,Low,0,0,High,3,2,2,3,1,0,,,11
11844,#11844,BM,McMurray 2011,med,med,hig,hig,hig,med,hig,med,High,15,7,Low,2,2,2,3,1,2,4,4,20
11838,#11838,BM,Meerwaldt 2007,low,med,hig,hig,hig,hig,low,med,Low,4,4,High,1,2,2,3,1,3,1,2,15
11817,#11817,BM,Mellbin 2010,low,med,hig,hig,hig,hig,low,low,Low,2,2,High,1,2,2,3,1,3,1,0,13
11806,#11806,RS,Mentz 2018,hig,med,hig,hig,hig,low,,,Low,0,0,High,3,2,2,3,1,0,,,11
15044,#15044,GN,Mohammedi 2015,med,med,hig,hig,hig,hig,,,Med,10,9,Med.,2,2,2,3,1,3,,,13
11743,#11743,BM,Monseu 2015,hig,med,hig,hig,hig,med,low,low,Low,4,3,High,3,2,2,3,1,2,1,0,14
11733,#11733,BM,Moosaie 2020,med,med,hig,hig,hig,med,hig,hig,High,12,10,Low,2,2,2,3,1,2,3,6,21
11705,#11705,GN,Morieri 2018,hig,med,hig,hig,hig,med,,,Med,13,12,Med.,3,2,2,3,1,2,,,13
15026,#15026 ,RS,Mukamal 2013,hig,med,hig,hig,hig,hig,,,High,0,0,Low,3,2,2,3,1,3,,,14
11614,#11614,BM,Nagamachi 2006,hig,med,hig,hig,hig,hig,med,med,Med,6,4,Med.,3,2,2,3,1,3,2,2,18
11595,#11595,BM,Nakamura 2010,hig,med,hig,hig,hig,low,hig,hig,High,11,9,Low,3,2,2,3,3,0,3,4,20
11583,#11583,BM,Nam 2020,hig,med,hig,hig,hig,hig,hig,med,High,10,8,Low,3,2,2,3,1,3,3,4,21
11578,#11578,BM,Nargesi 2016,med,med,hig,hig,hig,hig,low,low,Low,3,3,High,2,2,2,3,1,3,1,0,14
11543,#11543,BM,Ndrepepa 2013,low,med,hig,hig,hig,hig,hig,hig,High,17,12,Low,1,2,2,3,1,3,4,6,22
11537,#11537,BM,Nelson 1990,low,med,hig,hig,hig,low,low,low,Low,2,2,High,1,2,2,3,1,0,1,0,10
15061,#15061,GN,Neves 2012,hig,med,hig,hig,hig,hig,,,High,12,10,Low,3,2,2,3,1,3,,,14
11384,#11384,BM,Niskanen 1998,hig,med,hig,hig,hig,low,med,med,Low,6,5,High,3,2,2,3,1,0,2,2,15
11381,#11381,BM,Nitenberg 2005,hig,med,hig,hig,hig,med,low,low,Low,4,3,High,3,2,2,3,1,2,1,0,14
11348,#11348,BM,Novo-Rodríguez 2018,med,med,hig,hig,hig,hig,med,med,Med,8,7,Med.,2,2,2,3,1,3,2,4,19
11323,#11323,GN,Odeberg 2008,hig,med,hig,med,hig,hig,,,Med,6,4,Med.,3,2,2,2,1,3,,,13
11320,#11320,BM,Oellgaard 2018,med,med,hig,hig,hig,hig,med,med,Med,6,6,Med.,2,2,2,3,1,3,2,2,17
11292,#11292,BM,Oliveira 2009,hig,med,hig,hig,hig,low,low,low,Low,5,3,High,3,2,2,3,3,0,1,0,14
11276,#11276,BM,Ong 2015,med,med,hig,hig,hig,hig,hig,hig,High,15,11,Low,2,2,2,3,1,3,4,6,23
11275,#11275,BM,Ong 2020,hig,med,hig,hig,hig,low,hig,med,Low,10,6,High,3,2,2,3,1,0,3,2,16
11263,#11263,GN,Ortega Moreno 2016,med,med,hig,hig,hig,med,,,Med,10,9,Med.,2,2,2,3,1,2,,,12
9734,#9734,BM,Østergaard 2019,hig,med,hig,hig,hig,hig,hig,hig,High,10,10,Low,3,2,2,3,1,3,3,6,23
11210,#11210,BM,Panero 2012,hig,med,hig,hig,hig,hig,hig,hig,High,10,9,Low,3,2,2,3,1,3,3,4,21
11191,#11191,BM,Park 2014,low,med,hig,hig,hig,med,low,low,Low,1,1,High,1,2,2,3,3,1,1,0,13
11073,#11073,BM,Peng 2009,hig,med,hig,hig,hig,med,hig,hig,High,14,10,Low,3,2,2,3,1,2,4,6,23
11055,#11055,BM,Peters 2013,hig,med,hig,hig,hig,hig,med,low,Low,6,2,High,3,2,2,3,1,3,2,0,16
11050,#11050,BM,Petretta 2013,hig,med,hig,hig,hig,hig,hig,hig,High,12,9,Low,3,2,2,3,1,3,3,4,21
11041,#11041,BM,Pfister 2011,low,med,hig,hig,hig,med,hig,hig,High,27,21,Low,1,2,2,3,1,2,4,6,21
11021,#11021,BM,Pickup 2003,low,med,hig,hig,hig,hig,low,low,Low,3,3,High,1,2,2,3,1,3,1,0,13
11010,#11010,RS,Pinias 2014,hig,med,hig,hig,hig,hig,,,High,0,0,Low,3,2,2,3,1,3,,,14
11007,#11007,BM,Pintó 2007,hig,med,hig,hig,hig,med,low,low,Low,5,3,High,3,2,2,3,3,2,1,0,16
10976,#10976,GN,Poon 2010,low,med,hig,hig,hig,hig,,,Med,11,9,Med.,1,2,2,3,1,3,,,12
15058,#15058,GN,Porchay-Baldérelli 2009,low,med,hig,hig,hig,hig,,,Med,10,9,Med.,1,2,2,3,1,3,,,12
10968,#10968,GN,Porchay-Baldérelli 2007,med,med,hig,hig,hig,hig,,,Med,15,12,Med.,2,2,2,3,1,3,,,13
1104,#1104,BM,Prentice 2016,hig,med,hig,hig,hig,hig,hig,med,High,13,8,Low,3,2,2,3,1,3,4,4,22
15065,#15065,GN,Poon 2014,low,med,hig,med,hig,hig,,,Low,2,1,High,1,2,2,2,1,3,,,11
11480,#11480,GN,Qi 2011,hig,med,hig,hig,med,low,,,Low,7,7,High,3,2,2,3,0,0,,,10
15046,#15046,GN,Qi 2012,hig,med,hig,hig,hig,hig,,,High,2,2,Low,3,2,2,3,1,3,,,14
15034,#15034,GN,Qi 2013,hig,med,hig,hig,hig,hig,,,High,0,0,Low,3,2,2,3,1,3,,,14
11473,#11473,BM,Qin 2020,hig,med,hig,hig,hig,low,hig,hig,High,27,21,Low,3,2,2,3,1,0,4,6,21
11468,#11468,RS,Quan 2019,hig,med,hig,hig,hig,low,,,Low,0,0,High,3,2,2,3,1,0,,,11
10699,#10699,BM,Radholm 2017,hig,med,hig,hig,hig,med,med,med,Med,8,8,Med.,3,2,2,3,1,2,2,4,19
957,#957,RS,Ramírez-Prado 2015,med,med,hig,hig,hig,low,,,Med,0,0,Med.,2,2,2,3,3,0,,,12
11430,#11430,BM,Rana 2005,hig,med,hig,hig,hig,hig,low,low,Low,5,2,High,3,2,2,3,1,3,1,0,15
11417,#11417,BM,Rasmussen 2018,hig,med,hig,hig,hig,low,med,hig,Med,9,9,Med.,3,2,2,3,1,0,3,4,18
11406,#11406,BM,Ravassa 2015,med,med,hig,low,hig,hig,med,med,Low,7,6,High,2,2,2,0,1,3,2,2,14
11401,#11401,BM,Rawshani 2016,hig,med,hig,hig,hig,low,hig,hig,High,15,14,Low,3,2,2,3,1,0,4,6,21
15028,#15028 ,RS,Read 2018,hig,med,hig,med,hig,hig,,,Med,0,0,Med.,3,2,2,2,1,3,,,13
10910,#10910,BM,Reinhard 2010,med,med,hig,hig,hig,med,med,med,Med,9,8,Med.,2,2,2,3,1,1,3,4,18
10852,#10852,BM,Resl 2012,med,med,hig,hig,hig,hig,med,med,Med,6,5,Med.,2,2,2,3,3,3,2,2,19
10851,#10851,BM,Resl 2016,hig,med,hig,hig,hig,hig,hig,hig,High,10,9,Low,3,2,2,3,1,3,3,4,21
10697,#10697,BM,Rørth 2019,hig,med,hig,hig,hig,hig,hig,med,High,14,8,Low,3,2,2,3,1,3,4,4,22
10740,#10740,RS,Rossi 2011,hig,med,hig,hig,hig,hig,,,High,7,5,Low,3,2,2,3,1,3,,,14
10737,#10737,BM,RotbainCurovic 2018,hig,med,hig,hig,hig,hig,med,med,High,8,8,Low,3,2,2,3,1,3,2,4,20
10732,#10732,GN,Roumeliotis 2017,low,med,hig,hig,hig,med,,,Low,18,14,High,1,2,2,3,1,2,,,11
10733,#10733,BM,Roumeliotis 2019,hig,med,hig,hig,hig,hig,hig,hig,High,14,11,Low,3,2,2,3,1,3,4,6,24
15067,#15067,GN,Roumeliotis 2018,low,med,hig,hig,hig,hig,,,Med,15,12,Med.,1,2,2,3,1,3,,,12
10728,#10728,BM,Rozing 2019,hig,med,hig,hig,hig,hig,hig,hig,High,13,9,Low,3,2,2,3,1,3,4,4,22
10710,#10710,GN,Russo 2011,hig,med,hig,hig,hig,med,,,Med,10,8,Med.,3,2,2,3,1,2,,,13
10706,#10706,BM,Rutter 2002,hig,med,hig,hig,hig,hig,hig,hig,High,19,13,Low,3,2,2,3,3,3,4,6,26
10685,#10685,BM,Saely 2005,low,med,hig,hig,hig,med,low,med,Low,5,5,High,1,2,2,3,1,2,1,2,14
10684,#10684,BM,Saely 2006,low,med,hig,hig,hig,med,hig,hig,High,12,10,Low,1,2,2,3,1,2,3,6,20
10673,#10673,BM,Saito 2000,hig,med,hig,hig,hig,low,hig,hig,Med,12,9,Med.,3,2,2,3,1,0,3,4,18
11179,#11179,BM,Sakai 2018,hig,med,hig,hig,hig,med,low,low,Low,1,1,High,3,2,2,3,1,2,1,0,14
11165,#11165,BM,Salles 2013,hig,med,hig,hig,hig,hig,hig,hig,High,11,11,Low,3,2,2,3,1,3,3,6,23
735,#735,GN,Satirapoj 2019,low,med,hig,hig,hig,hig,,,Med,0,0,Med.,1,2,2,3,1,3,,,12
10670,#10670,BM,Saulnier 2017,hig,med,hig,hig,hig,low,med,med,Low,7,4,High,3,2,2,3,1,0,2,2,15
10663,#10663,BM,Savonitto 2018,low,med,hig,hig,hig,hig,med,med,Low,8,5,High,1,2,2,3,1,3,2,2,16
717,#717,BM,Schimke 2010,hig,med,hig,hig,hig,hig,med,low,Low,6,3,High,3,2,2,3,1,3,2,0,16
10585,#10585,BM,Schulze 2004,low,med,hig,hig,hig,med,hig,hig,High,13,10,Low,1,2,2,3,1,2,4,6,21
696,#696,BM,Scirica 2016,med,med,hig,hig,hig,hig,hig,hig,High,11,10,Low,2,2,2,3,3,3,3,6,24
10532,#10532,BM,Seyoum 2006,hig,med,hig,hig,hig,hig,med,med,High,7,7,Low,3,2,2,3,1,3,2,4,20
10513,#10513,RS,Shao 2018,hig,med,hig,hig,hig,hig,,,High,1,0,Low,3,2,2,3,1,3,,,14
10512,#10512,RS,Shao 2020,med,med,hig,hig,hig,med,,,Med,0,0,Med.,2,2,2,3,1,2,,,12
10507,#10507,BM,Sharma 2020,low,med,hig,hig,hig,low,hig,hig,Med,10,10,Med.,1,2,2,3,1,0,3,6,18
10469,#10469,BM,Shin 2020,low,med,hig,hig,hig,hig,hig,med,Med,11,8,Med.,1,2,2,3,1,3,3,4,19
10887,#10887,BM,Silva 2013,low,med,hig,med,hig,hig,hig,med,Med,12,5,Med.,1,2,2,2,3,3,3,2,18
10888,#10888,BM,Silva 2013,low,med,hig,med,hig,low,low,low,Low,4,3,High,1,2,2,2,1,0,1,0,9
15031,#15031 ,RS,Simmons 2009,hig,med,hig,med,hig,hig,,,Med,0,0,Med.,3,2,2,2,1,3,,,13
10436,#10436,BM,Smáradóttir 2019,low,med,hig,hig,hig,hig,low,low,Low,3,3,High,1,2,2,3,1,3,1,0,13
15073,#15073,GN,So 2008,med,med,hig,low,hig,med,,,Low,10,8,High,2,2,2,0,1,2,,,9
10289,#10289,BM,Soinio 2004,hig,med,hig,hig,hig,med,hig,hig,High,15,14,Low,3,2,2,3,1,1,4,6,22
10274,#10274,BM,Sone 2009,hig,med,hig,hig,hig,hig,low,med,Med,4,4,Med.,3,2,2,3,1,3,1,2,17
10272,#10272,BM,Sone 2011,hig,med,hig,hig,hig,low,hig,hig,Med,11,9,Med.,3,2,2,3,1,0,3,4,18
10273,#10273,BM,Sone 2012,hig,med,hig,hig,hig,med,med,med,Med,8,7,Med.,3,2,2,3,1,1,2,4,18
10271,#10271,BM,Sone 2013,med,med,med,hig,hig,med,low,low,Low,3,3,High,2,2,1,3,1,2,1,0,12
10223,#10223,BM,Standl 1996,med,med,hig,hig,hig,med,med,med,Low,6,5,High,2,2,2,3,1,2,2,2,16
10207,#10207,BM,Stehouwer 1999,hig,med,hig,hig,hig,hig,hig,hig,High,14,13,Low,3,2,2,3,1,3,4,6,24
15022,#15022 ,RS,Stevens 2001,hig,med,hig,hig,hig,hig,,,High,0,0,Low,3,2,2,3,1,3,,,14
10168,#10168,BM,Strojek 2016,hig,med,hig,hig,hig,low,hig,hig,High,12,9,Low,3,2,2,3,3,0,3,4,20
10144,#10144,BM,Sultan 2006,hig,med,hig,hig,hig,med,low,low,Low,2,2,High,3,2,2,3,3,2,1,0,16
10121,#10121,BM,Svendstrup 2013,med,med,hig,hig,hig,hig,low,low,Low,3,3,High,2,2,2,3,1,3,1,0,14
10088,#10088,BM,Takao 2017,low,med,med,low,hig,med,med,med,Low,8,8,High,0,2,1,0,1,2,2,4,12
434,#434,GN,Tan 2020,hig,med,hig,hig,hig,med,,,Med,8,6,Med.,3,2,2,3,1,2,,,13
9719,#9719,RS,Tanaka 2013,hig,med,low,hig,hig,hig,,,Med,0,0,Med.,3,2,0,3,1,3,,,12
9656,#9656,BM,Theilade 2016,low,med,hig,hig,hig,hig,low,med,Med,5,5,Med.,1,2,2,3,3,3,1,2,17
9643,#9643,BM,Thomas 2018,hig,med,hig,hig,hig,hig,hig,hig,High,18,12,Low,3,2,2,3,1,3,4,6,24
379,#379,BM,Tian 2019,med,med,hig,med,hig,low,hig,hig,Med,20,18,Med.,2,2,2,2,1,0,4,6,19
9615,#9615,BM,Tobias 2018,hig,med,hig,hig,hig,low,hig,med,Med,14,6,Med.,3,2,2,3,1,0,4,2,17
10386,#10386,BM,Umamahesh 2014,hig,med,hig,hig,hig,hig,med,med,Med,7,6,Med.,3,2,2,3,1,3,2,2,18
15043,#15043,GN,Valoti 2019,hig,med,hig,hig,hig,hig,,,High,9,6,Low,3,2,2,3,1,3,,,14
10344,#10344,RS,vanderHeijden 2009,hig,med,hig,hig,hig,hig,,,High,0,0,Low,3,2,2,3,1,3,,,14
15027,#15027 ,RS,vanderLeeuw 2015,hig,med,hig,med,hig,hig,,,Med,0,0,Med.,3,2,2,2,1,3,,,13
15050,#15050,BM,vanderLeeuw 2016,hig,med,hig,med,hig,hig,hig,hig,High,11,10,Low,3,2,2,2,1,3,3,6,22
15032,#15032 ,RS,vanDieren 2011,hig,med,hig,hig,hig,hig,,,High,0,0,Low,3,2,2,3,1,3,,,14
9546,#9546,BM,Vanzetto 1999,med,med,hig,hig,hig,low,low,low,Low,3,3,High,2,2,2,3,1,0,1,0,11
9535,#9535,BM,Vavruch 2020,hig,med,hig,med,hig,hig,med,med,Med,7,7,Med.,3,2,2,2,1,3,2,4,19
9530,#9530,BM,Velho 2018,hig,med,hig,hig,hig,hig,hig,hig,High,14,13,Low,3,1,2,3,1,3,4,6,23
9515,#9515,RS,Venäläinen 2020,med,med,hig,hig,hig,med,,,Med,1,0,Med.,2,2,2,3,1,2,,,12
9522,#9522,BM,Vengen 2010,hig,med,hig,hig,hig,hig,med,med,Med,6,6,Med.,3,2,2,3,1,3,2,2,18
9519,#9519,BM,Venskutonyte 2013,low,med,hig,hig,hig,hig,low,med,Low,5,5,High,1,2,2,3,1,3,1,2,15
9517,#9517,BM,Venuraju 2019,hig,med,hig,hig,hig,med,hig,hig,High,12,11,Low,3,2,2,3,1,2,3,6,22
9516,#9516,BM,Venuraju 2021,hig,med,hig,med,hig,low,med,low,Low,7,2,High,3,2,2,2,3,0,2,0,14
9514,#9514,BM,Vepsäläinen 2012,low,low,low,hig,hig,hig,hig,hig,Med,18,15,Med.,0,0,0,3,1,3,4,6,17
9459,#9459,BM,vonScholten 2015,low,med,hig,hig,hig,hig,hig,hig,Med,10,9,Med.,1,2,2,3,1,3,3,4,19
9457,#9457,BM,vonScholten 2016,low,med,hig,hig,hig,hig,med,med,Med,9,8,Med.,1,2,2,3,1,3,3,4,19
9458,#9458,BM,vonScholten 2016a,med,med,hig,hig,hig,hig,hig,med,High,10,8,Low,2,2,2,3,1,3,3,4,20
9418,#9418,BM,Wallander 2007,low,med,hig,hig,hig,med,low,low,Low,3,2,High,1,2,2,3,1,2,1,0,12
9408,#9408,BM,Wan 2016,hig,med,hig,hig,hig,med,hig,hig,High,18,15,Low,3,2,2,3,1,2,4,6,23
9406,#9406,RS,Wan 2018,hig,med,hig,hig,hig,hig,,,High,1,0,Low,3,2,2,3,1,3,,,14
15074,#15074,GN,Wang 2005,hig,med,med,low,hig,low,,,Low,7,5,High,3,2,1,0,1,0,,,7
15041,#15041,GN,Wang 2010,low,med,hig,hig,hig,med,,,Low,19,14,High,1,2,2,3,1,2,,,11
15070,#15070,GN,Watson C 2021,hig,med,hig,hig,hig,hig,,,High,2,2,Low,3,2,2,3,1,3,,,14
10069,#10069,BM,Wei 1998,med,med,hig,hig,hig,med,low,med,Low,4,4,High,2,2,2,3,1,2,1,2,15
182,#182,RS,Wells 2013,hig,med,hig,hig,hig,hig,,,High,0,0,Low,3,2,2,3,3,3,,,16
10033,#10033,BM,Wijkman 2016,low,med,hig,med,hig,hig,med,med,Med,9,8,Med.,1,2,2,2,1,3,3,4,18
10034,#10034,BM,Wijkman 2016a,med,med,hig,hig,hig,med,med,med,Med,7,7,Med.,2,2,2,3,1,2,2,4,18
10007,#10007,GN,Winkler 2010,hig,med,hig,hig,hig,hig,,,High,21,16,Low,3,2,2,3,1,3,,,14
9995,#9995,BM,Wolsk 2017,med,med,hig,hig,hig,hig,hig,hig,High,14,11,Low,2,2,2,3,1,3,4,6,23
9987,#9987,BM,Wong 2019,hig,med,hig,hig,hig,hig,low,low,Low,4,3,High,3,2,2,3,1,3,1,0,15
9980,#9980,RS,Woodward 2016,med,med,hig,hig,hig,low,,,Low,0,0,High,2,2,2,3,1,0,,,10
9918,#9918,BM,Yamasaki 2000,hig,med,hig,hig,hig,hig,med,med,High,9,7,Low,3,2,2,3,1,3,3,4,21
15030,#15030 ,RS,Yang 2008,low,med,hig,med,hig,hig,,,Low,0,0,High,1,2,2,2,1,3,,,11
102,#102,RS,Yang 2013,med,med,hig,hig,hig,low,,,Med,0,0,Med.,2,2,2,3,3,0,,,12
9886,#9886,BM,Yang 2015,low,med,hig,hig,hig,med,hig,hig,High,14,11,Low,1,2,2,3,1,2,4,6,21
9895,#9895,BM,Yang 2017,low,med,hig,hig,hig,med,hig,hig,High,14,10,Low,1,2,2,3,1,2,4,6,21
9896,#9896,BM,Yang 2017a,med,med,hig,hig,hig,med,hig,hig,High,12,9,Low,2,2,2,3,3,2,3,4,21
9904,#9904,BM,Yang 2019,hig,med,hig,hig,hig,low,hig,hig,High,11,11,Low,3,2,2,3,1,0,3,6,20
10308,#10308,RS,Yeboah 2014,med,med,hig,hig,hig,hig,,,Med,1,0,Med.,2,2,2,3,1,3,,,13
10306,#10306,BM,Yeboah 2019,med,med,hig,hig,hig,low,hig,hig,High,15,14,Low,2,2,2,3,1,0,4,6,20
10295,#10295,BM,Yiu 2014,med,med,hig,hig,hig,hig,med,med,Med,6,6,Med.,2,2,2,3,1,3,2,2,17
9877,#9877,RS,Yoshida 2012,med,med,hig,hig,hig,hig,,,Med,11,8,Med.,2,2,2,3,1,3,,,13
9876,#9876,BM,Yoshimura 2006,low,med,hig,low,hig,med,med,med,Low,8,8,High,1,2,2,0,1,2,2,4,14
9875,#9875,RS,Young 2018,hig,med,hig,hig,hig,hig,,,High,1,0,Low,3,2,2,3,3,3,,,16
9865,#9865,RS,Yu 2019,hig,med,hig,hig,hig,med,,,High,1,0,Low,3,2,2,3,3,2,,,15
9850,#9850,BM,Yun 2018,hig,med,hig,hig,hig,low,low,med,Low,5,5,High,3,2,2,3,1,0,1,2,14
9846,#9846,BM,Zafrir 2015,hig,med,hig,hig,hig,hig,hig,hig,High,13,12,Low,3,2,2,3,1,3,4,6,24
9845,#9845,BM,Zafrir 2016,low,med,hig,hig,hig,hig,hig,hig,High,15,14,Low,1,2,2,3,1,3,4,6,22
15025,#15025 ,RS,Zethelius 2011,hig,med,hig,hig,hig,hig,,,High,0,0,Low,3,2,2,3,1,3,,,14
58,#58,RS,Zhang 2020,hig,med,hig,hig,hig,hig,,,High,2,1,Low,3,2,2,3,1,3,,,14
15071,#15071,GN,Zhang 2005,low,med,hig,hig,hig,hig,,,Med,6,3,Med.,1,2,2,3,1,3,,,12
9786,#9786,BM,Zhao 2020,low,med,hig,low,hig,hig,hig,hig,High,31,21,Low,1,2,2,1,1,3,4,6,20
9760,#9760,BM,Zimering 2011,med,med,hig,hig,hig,hig,low,low,Low,2,2,High,2,2,2,3,1,3,1,0,14
11,#11,BM,Zimering 2013,med,med,hig,hig,hig,hig,low,low,Low,5,2,High,2,2,2,3,1,3,1,0,14
9751,#9751,BM,Zobel 2017,med,med,hig,hig,hig,hig,hig,med,High,10,8,Low,2,2,2,3,1,3,3,4,20
9745,#9745,BM,Zoppini 2010,low,med,hig,hig,hig,med,low,low,Low,3,3,High,1,2,2,3,1,2,1,0,12
